{"2093_2092": 71.625, "2217_2197": 36.77777777777778, "2205_2217": 72.52173913043478, "2222_2205": 44.76923076923077, "2284_2281": -1022.2727272727273, "2210_2222": 117.41666666666667, "2208_2210": 131.79166666666666, "2393_2208": 124.47826086956522, "1918_2389": 75.45833333333333, "1934_1918": 63.391304347826086, "2051_1934": 126.9090909090909, "2092_2051": 87.45454545454545, "2075_4891": 127.17241379310344, "2084_2075": 156.6206896551724, "2137_2084": 119.03448275862068, "2087_2137": 111.22727272727273, "2052_2091": 244.28571428571428, "1905_2284": 85.68181818181819, "1929_1909": 120.86363636363636, "1934_1929": 111.0909090909091, "2197_2195": 56.12, "2389_2393": 111.17391304347827, "2091_4948": 350.17857142857144, "1919_1933": 136.5, "2390_1919": 121.5, "2394_2390": 172.35714285714286, "2195_2196": 104.0, "2091_4946": 297.51851851851853, "1922_1905": 104.22727272727273, "1909_1922": 156.72727272727272, "1933_2052": 214.8846153846154, "2204_2211": 61.73076923076923, "1908_1930": 192.15384615384616, "1921_1908": 138.22727272727272, "1930_1933": 234.68, "4948_2087": 271.2, "2209_2394": 96.64, "2211_2209": 27.347826086956523, "2218_2204": 148.76, "2196_2218": 149.28, "1925_1921": 147.875, "5451_1925": 152.45833333333334, "2363_2295": 105.56521739130434, "5131_2363": -29.82608695652174, "2281_5131": -59.47826086956522, "4946_-1": 216.0909090909091, "2292_2293": 76.4090909090909, "2295_2292": 105.72727272727273, "2283_5451": 106.45454545454545, "2083_2300": 89.04545454545455, "2299_2075": 186.63636363636363, "2298_2296": 153.77272727272728, "2301_2298": 90.45454545454545}
